APM,Interpreter,Logging,Data Structure,i18n,Setup,Logic,Microservices,Test,Search,UI,Parser,App
0.8666666666666667,1.0,1.0,0.6666666666666666,0.0,0.8387096774193549,1.0,1.0,1.0,0.864406779661017,0.6756756756756757,1.0,0.9710144927536232
0.5652173913043478,0.25,0.5,1.0,0.0,0.6190476190476191,1.0,0.34782608695652173,0.3333333333333333,0.9622641509433962,0.9615384615384616,0.3333333333333333,1.0
0.6842105263157895,0.4,0.6666666666666666,0.8,0.0,0.7123287671232876,1.0,0.5161290322580645,0.5,0.9107142857142857,0.7936507936507937,0.5,0.9852941176470589
23.0,4.0,4.0,2.0,0.0,42.0,2.0,23.0,3.0,53.0,52.0,9.0,67.0
