Network,DB,Interpreter,Logging,Data Structure,i18n,Setup,Microservices,Test,IO,UI,App
0.875,1.0,0.8888888888888888,0.8461538461538461,1.0,0.0,1.0,0.0,1.0,0.8372093023255814,0.8372093023255814,1.0
0.5384615384615384,1.0,0.5714285714285714,0.9166666666666666,1.0,0.0,0.8,0.0,0.6666666666666666,0.972972972972973,1.0,0.2
0.6666666666666667,1.0,0.6956521739130435,0.8799999999999999,1.0,0.0,0.888888888888889,0.0,0.8,0.9,0.9113924050632911,0.33333333333333337
26.0,1.0,28.0,36.0,1.0,2.0,10.0,2.0,6.0,37.0,36.0,5.0
